"GISJOIN","CBSA","chg_white_2010_2020","chg_black_2010_2020","chg_aiak_2010_2020","chg_asian_2010_2020","chg_nhpi_2010_2020","chg_other_2010_2020","chg_twoplus_2010_2020"
"G10180","Abilene, TX Metro Area",-7227,1744,378,882,71,720,14759
"G10420","Akron, OH Metro Area",-44830.0600000001,2956,16,11856,33,3644,25339
"G10500","Albany, GA Metro Area",-6800,-2698,-50,214,-93,727,3190
"G10580","Albany-Schenectady-Troy, NY Metro Area",-55989,10391,860,19116,137,10079,43952
"G10740","Albuquerque, NM Metro Area",-133717.88,2035,8164.01,5374,201,-3535.04000000001,150928.83
"G10780","Alexandria, LA Metro Area",-6299.53,-1990.01,-31.01,277,-3,1059.99,5262.98
"G10900","Allentown-Bethlehem-Easton, PA-NJ Metro Area",-65450.47,12918,545,6812.01,38,29703.01,56151.05
"G11020","Altoona, PA Metro Area",-8628.75,404,21,172,-16,483.01,3289.77
"G11100","Amarillo, TX Metro Area",-25127,2308,823,2416,5,5592,31035
"G11180","Ames, IA Metro Area",1702,823,161,78,14,1723,4494
"G11260","Anchorage, AK Metro Area",-20557,-1385,2474,4529,4385,4346,23716
"G11300","Anderson, IN Metro Area",-6858,-738,87,102,-2,1166,4736
"G11340","Anderson, SC Metro Area",4725.20999999999,441.740000000002,138.07,1010.6,15.39,2266.34,8214.63
"G11460","Ann Arbor, MI Metro Area",807.899999999994,-948.010000000002,16,6523,73,3270,17725
"G11500","Anniston-Oxford, AL Metro Area",-8254,1177,-53,345,23,577,4054
"G11540","Appleton, WI Metro Area",3083,1515,210,1635,73,1803,9162
"G11700","Asheville, NC Metro Area",9295.62,278.02,494.98,1402,639.97,9059.93,22998.26
"G12020","Athens-Clarke County, GA Metro Area",6887.07999999999,1066,387,1565.05,6,2942,10022.07
"G12060","Atlanta-Sandy Springs-Marietta, GA Metro Area",-161799.03,336178.55,12414,144778.08,381,125679.14,343272.2
"G12100","Atlantic City-Hammonton, NJ Metro Area",-22769.55,-2618.99,203,1188.98,250,6973.99,16757.97
"G12220","Auburn-Opelika, AL Metro Area",11645,7669,275,4914,15,2519,6957
"G12260","Augusta-Richmond County, GA-SC Metro Area",-3238.78000000003,13754.64,173,3611,183,6095.76,25870.04
"G12420","Austin-Round Rock-San Marcos, TX Metro Area",58885.1499999999,32683.73,7541.15,79327.02,697,66832.42,321179.47
"G12540","Bakersfield-Delano, CA Metro Area",-128032.04,1209,5487,11931,256,69839.07,108913.98
"G12580","Baltimore-Towson, MD Metro Area",-151281.72,32139.15,2130.01,57596.08,-133.99,66722,126851.97
"G12620","Bangor, ME Metro Area",-7491,348,-378,443,2,563,4789
"G12700","Barnstable Town, MA Metro Area",-3735.07999999999,2541,-100,936,-4,2289,11181
"G12940","Baton Rouge, LA Metro Area",-17077.3,10552.25,474,3492,-27,15556.98,34073.97
"G12980","Battle Creek, MI Metro Area",-9202.39999999999,-359,48,1563,-21,737,5399.21
"G13020","Bay City, MI Metro Area",-8146,3,-101,-40,-9,294,4084
"G13140","Beaumont-Port Arthur, TX Metro Area",-27705,525,481,1894,34,9406,24185
"G13380","Bellingham, WA Metro Area",4129.98000000001,418,594,3037,233,3115,14180
"G13460","Bend, OR Metro Area",23767.48,319,114,1005,62,1989.99,13268.83
"G13740","Billings, MT Metro Area",5664.78,363,1372,380,115,1111,8149.38
"G13780","Binghamton, NY Metro Area",-22769,3147,149,2314,5,2316,10251
"G13820","Birmingham-Hoover, AL Metro Area",-22877,13798,1478,5746,20,11390,43029
"G13900","Bismarck, ND Metro Area",12939,2146,1187,783,306,1295,4314
"G13980","Blacksburg-Christiansburg-Radford, VA Metro Area",-8472.07000000001,1236,27.97,3216.76,19,1469.97,5923.57
"G14020","Bloomington, IN Metro Area",-11163,677,-37,1170,-17,992,7506
"G14060","Bloomington-Normal, IL Metro Area",-10792,2570,100,915,7,1711,6871
"G14260","Boise City-Nampa, ID Metro Area",69635.51,4197,1304,5128,779,11496,55618.02
"G14460","Boston-Cambridge-Quincy, MA-NH Metro Area",-208604.5,32762.16,3524.01,134025.68,53,132281.99,295193.81
"G14500","Boulder, CO Metro Area",-923.579999999987,861.01,677,4314.78,101,6020.47,25118.23
"G14540","Bowling Green, KY Metro Area",4043,2551,161,4149,559,2867,6397
"G14740","Bremerton-Silverdale, WA Metro Area",-973.779999999999,1185,266,2015.99,658.99,4137.97,17184.72
"G14860","Bridgeport-Stamford-Norwalk, CT Metro Area",-101716,7439,1985,9057,-95,45113,78807
"G15180","Brownsville-Harlingen, TX Metro Area",-190716,-79,1195,117,36,40228,164016
"G15260","Brunswick, GA Metro Area",-2213,-1977,124,270,17,675,4229
"G15380","Buffalo-Niagara Falls, NY Metro Area",-57533,12753,-171,23231,46,10076,42991
"G15500","Burlington, NC Metro Area",-1667.78999999999,5605,405,1009,47,6141.07,8580.06
"G15540","Burlington-South Burlington, VT Metro Area",-555.950000000012,1742,-51.85,2946.01,3,1139,9088.29
"G15940","Canton-Massillon, OH Metro Area",-22734,564.16,187,431,38,2428,16233.44
"G15980","Cape Coral-Fort Myers, FL Metro Area",17142.88,7847,1635,4629,-68,26571.16,84313.45
"G16020","Cape Girardeau-Jackson, MO-IL Metro Area",-3081.00999999999,-118,-5,403,-11,171,3883
"G16180","Carson City, NV Metro Area",-4955,88,153,235,34,1888,5922
"G16220","Casper, WY Metro Area",-696,126,272,139,53,455,4156
"G16300","Cedar Rapids, IA Metro Area",-3208.01999999999,8148,-23,1554,348,1701,10060
"G16580","Champaign-Urbana, IL Metro Area",-20437.05,3745,228,6576,-55,3578,10545.99
"G16620","Charleston, WV Metro Area",-25590.86,-306,-11,342,-8,1087,8640.01
"G16700","Charleston-North Charleston-Summerville, SC Metro Area",75847,-295,1088,5516,122,14492,38259
"G16740","Charlotte-Gastonia-Rock Hill, NC-SC Metro Area",38227.47,81067.87,3838,50864.3,130,61130.83,118483.28
"G16820","Charlottesville, VA Metro Area",2610.39999999999,-1323.79,109.64,5180.22,1.98999999999999,2882,10474.29
"G16860","Chattanooga, TN-GA Metro Area",1684.90999999997,-2881,794,2638,-74,6501,25842.07
"G16940","Cheyenne, WY Metro Area",-607,224,245,320,30,1060,7502
"G16980","Chicago-Joliet-Naperville, IL-IN-WI Metro Area",-986269.64,-69041,51048.2,153093,463,255236,752868.21
"G17020","Chico, CA Metro Area",-30539,229,97,1476,121,6007,14241
"G17140","Cincinnati-Middletown, OH-KY-IN Metro Area",-41553.1000000001,17394.45,1875,27216.57,636,24698.75,89363.48
"G17300","Clarksville, TN-KY Metro Area",10207.99,11172,126,1774,279,4573,18454
"G17420","Cleveland, TN Metro Area",201.899999999994,1031,120,371,80,1564,7007.99
"G17460","Cleveland-Elyria-Mentor, OH Metro Area",-99194.6799999999,-6323,703,13330,120,18279,84064.74
"G17660","Coeur d'Alene, ID Metro Area",21632.57,106,144,459,87,1277,9202.19
"G17780","College Station-Bryan, TX Metro Area",-4593.01000000001,2326.99,790,4727,131,8911,27295
"G17820","Colorado Springs, CO Metro Area",20204.9300000001,5355,1542,5463,897,12674.6,63343.97
"G17860","Columbia, MO Metro Area",4955,2999,-7,1677,31,2200,9120
"G17900","Columbia, SC Metro Area",-1352.21999999997,13985.36,648,6021,64,7958.24,34531.96
"G17980","Columbus, GA-AL Metro Area",-7845.04000000001,12282.61,64,1864,197,2902,13513
"G18020","Columbus, IN Metro Area",-3061,406,96,2758,1,1416,3798
"G18140","Columbus, OH Metro Area",15457.1100000001,61052.11,1910,47825,-208,26390,86514.94
"G18580","Corpus Christi, TX Metro Area",-101695,757,1046,2799,150,13894,100627
"G18700","Corvallis, OR Metro Area",105.240000000005,243,192,1999,79,1153.99,5832
"G18880","Crestview-Fort Walton Beach-Destin, FL Metro Area",5279,2863,138,1474,135,4425,16532
"G19060","Cumberland, MD-WV Metro Area",-10702.27,-746,30,181.24,-5,346,2703.56
"G19100","Dallas-Fort Worth-Arlington, TX Metro Area",-424527.49,259374.97,30669,265139,3195,251127,885865.86
"G19140","Dalton, GA Metro Area",-15448,-43,1819,115,-56,2486,11737
"G19180","Danville, IL Metro Area",-10040.91,-150,43,13,-7,455,2250.01
"G19260","Danville, VA Metro Area",-6514.52,-516.599999999999,129.01,222,-6,735,2482.04
"G19340","Davenport-Moline-Rock Island, IA-IL Metro Area",-26274,6019,471,3187,-7,2462,18776
"G19380","Dayton, OH Metro Area",-34184.13,2179.56,141,4828.44,105,7209.25,33291.21
"G19460","Decatur, AL Metro Area",-7267,634,-597,204,-20,2440,7271
"G19500","Decatur, IL Metro Area",-12051.17,1020,11,397,4,482,3362
"G19660","Deltona-Daytona Beach-Ormond Beach, FL Metro Area",-8093,5998,307,3122,101,13043,44472
"G19740","Denver-Aurora-Broomfield, CO Metro Area",-5474.6399999999,22965.96,10545.77,43436.23,2177,57184.8,289511.61
"G19780","Des Moines-West Des Moines, IA Metro Area",34629.4399999999,11814,974,12805,82,8076,33644
"G19820","Detroit-Warren-Livonia, MI Metro Area",-160039.97,-19375,-371,70918,186,35868.03,168605.03
"G20020","Dothan, AL Metro Area",-2814,1240,1,503,15,982,5441
"G20100","Dover, DE Metro Area",-2311.24000000001,8085.11,106,1123.14,34,2422.99,10084.14
"G20220","Dubuque, IA Metro Area",222,1640,83,150,541,560,2417
"G20260","Duluth, MN-WI Metro Area",-10834.3,1611,107.37,44,21,1041,8973.93
"G20500","Durham-Chapel Hill, NC Metro Area",19274.12,7728.07999999999,1369.01,9067.56,-14,15831.08,31176.29
"G20740","Eau Claire, WI Metro Area",2676.53,474,107,1305,57,830,5388
"G20940","El Centro, CA Metro Area",-55016,-1411,1207,206,0,18115,42073
"G21060","Elizabethtown, KY Metro Area",-1851,483,-32,177,83,848,6125
"G21140","Elkhart-Goshen, IN Metro Area",-12324,65,666,359,-3,7197,13528
"G21300","Elmira, NY Metro Area",-8308,-513,7,375,-5,398,3364
"G21340","El Paso, TX Metro Area",-343252,4190,4330,3789,886,104504,290563
"G21500","Erie, PA Metro Area",-24838,429,-89,3303,-30,1418,10117
"G21660","Eugene-Springfield, OR Metro Area",-1490.95000000001,1291,604,1297.99,246,5179.01,24128.98
"G21780","Evansville, IN-KY Metro Area",-16223,1579,95,1250,579,1964,12157
"G21820","Fairbanks, AK Metro Area",-9207.89,-409,675.81,513,208,790.97,5498.99
"G22020","Fargo, ND-MN Metro Area",14766,11883,1131,2471,48,1537,9230
"G22140","Farmington, NM Metro Area",-16632,-42,2380.98,432,-3,-1045,6526
"G22180","Fayetteville, NC Metro Area",-22415.48,11494.87,-20.8799999999992,2346.09,325,6867.76,21738.35
"G22220","Fayetteville-Springdale-Rogers, AR-MO Metro Area",21507.43,4878.98,2491.97,8911.98,7476,13374,48186.18
"G22380","Flagstaff, AZ Metro Area",360.839999999997,331.86,-489.139999999999,827.14,98,665.11,8850.73
"G22420","Flint, MI Metro Area",-28138.03,-8213,-507,209,43,1764.97,15261.97
"G22500","Florence, SC Metro Area",-9624.00999999999,-2369,-60,743,45,674,4989
"G22520","Florence-Muscle Shoals, AL Metro Area",-3129,504,33,288,-13,967,5004
"G22540","Fond du Lac, WI Metro Area",-4044,1111,35,108,14,1452,3845
"G22660","Fort Collins-Loveland, CO Metro Area",24728,1315,672,2738,101,4067,25815
"G22900","Fort Smith, AR-OK Metro Area",-28405.33,-131.040000000001,1969.02,854.02,-4,1638.98,17927.82
"G23060","Fort Wayne, IN Metro Area",-5531,3055,427,8674,-37,6340,18596
"G23420","Fresno, CA Metro Area",-140467,-816,6394,23971,260,67745,121117
"G23460","Gadsden, AL Metro Area",-5239,-650,291,255,-117,754,3712
"G23540","Gainesville, FL Metro Area",-2137,1778,66,4845,-28,5659,21874
"G23580","Gainesville, GA Metro Area",-2440.53999999999,1383.17,928,1028,-60,4302.03,18328.27
"G24020","Glens Falls, NY Metro Area",-8133,31,72,357,3,560,5226
"G24140","Goldsboro, NC Metro Area",-9693,-2718,199,145,13,1963,4768
"G24220","Grand Forks, ND-MN Metro Area",-2568,2411,156,1142,21,571,4168
"G24300","Grand Junction, CO Metro Area",-3211,216,169,555,47,-57,11261
"G24340","Grand Rapids-Wyoming, MI Metro Area",-1872.69999999995,6094,924,7950,-6,11102,38828.02
"G24500","Great Falls, MT Metro Area",-2318.49000000001,186,517,268,34,613,3788.01
"G24540","Greeley, CO Metro Area",22299.21,2072.03,1458.23,2846,149,9492.13,37865.19
"G24580","Green Bay, WI Metro Area",-2278,2923,921,1808,14,3021,15618
"G24660","Greensboro-High Point, NC Metro Area",-30227.39,22654.99,884.19,10560.2,-17,14899.41,34038.69
"G24780","Greenville, NC Metro Area",-11140.92,2443.11,159.02,433,15,2732.15,6534.05
"G24860","Greenville-Mauldin-Easley, SC Metro Area",21286.9,6456.25999999999,1321.09,5070.73,185.64,15752.61,37341.08
"G25060","Gulfport-Biloxi, MS Metro Area",-3312,10981,266,739,4,2514,12995
"G25180","Hagerstown-Martinsburg, MD-WV Metro Area",-2279,5505,257,1704,33,4491,14993
"G25260","Hanford-Corcoran, CA Metro Area",-21801,-1991,1109,303,141,5004.93,16738
"G25420","Harrisburg-Carlisle, PA Metro Area",-14505,6042,349,15518,77,10337,24470
"G25500","Harrisonburg, VA Metro Area",-3108.75999999999,1718.8,252,865.95,-23,3245.99,7390.76
"G25540","Hartford-West Hartford-East Hartford, CT Metro Area",-120415.41,9279.95000000001,904.99,19957.02,54,20491.98,70879.01
"G25620","Hattiesburg, MS Metro Area",-314.690000000002,4383,80,751,14,1605,4533.06
"G25860","Hickory-Lenoir-Morganton, NC Metro Area",-22681.41,-1692.89,1667,1781,-211,4769.17,15656.11
"G25980","Hinesville-Fort Stewart, GA Metro Area",-3757,1768,8,199,121,725,4443
"G26100","Holland-Grand Haven, MI Metro Area",11158,1588,301,1350,35,2963,15004
"G26180","Honolulu, HI Metro Area",-10270,1467,-160,18443,11221,6950,35650
"G26300","Hot Springs, AR Metro Area",-4143.42,504.53,215,277,26,1467.37,5782.93
"G26380","Houma-Bayou Cane-Thibodaux, LA Metro Area",-13388.03,2008,-426,246,-20,2213,8329.99
"G26420","Houston-Sugar Land-Baytown, TX Metro Area",-610296,214293,35407,205939,1929,411826,943744
"G26580","Huntington-Ashland, WV-KY-OH Metro Area",-20117,-170,-63,495,6,815,7127
"G26620","Huntsville, AL Metro Area",24788,14568,588,2972,150,4713,26351
"G26820","Idaho Falls, ID Metro Area",12572.99,75,472,588,79,2774,7920
"G26900","Indianapolis-Carmel, IN Metro Area",8708,43591,2762,41433,125,34970,93078
"G26980","Iowa City, IA Metro Area",4585,6584,49,1824,-18,2285,7524
"G27060","Ithaca, NY Metro Area",-5284,577,-7,1795,2,1680,5413
"G27100","Jackson, MI Metro Area",-7250,-107,64,356,-3,662,6396
"G27140","Jackson, MS Metro Area",-3815,-4516,228,2193,-24,3045,12067
"G27180","Jackson, TN Metro Area",-4384,297,102,328,-14,811,3599
"G27260","Jacksonville, FL Metro Area",49289,48325,584,21019,487,34148,106400
"G27340","Jacksonville, NC Metro Area",5459.98999999999,358,222,1373,337,4513,14509.99
"G27500","Janesville, WI Metro Area",-7401.79000000001,333.02,362,429,33,1508.98,8096.09
"G27620","Jefferson City, MO Metro Area",-5426,-750,-29,-28,46,601,6088
"G27740","Johnson City, TN Metro Area",-2958,776,140,601,20,1343,8639
"G27780","Johnstown, PA Metro Area",-14944.38,605.87,-12.1,48.55,8,171.95,3920.02
"G27860","Jonesboro, AR Metro Area",-382,5841,57,633,29,1287,5705
"G27900","Joplin, MO Metro Area",-8540,169,624,369,461,2617,10207
"G28020","Kalamazoo-Portage, MI Metro Area",-12418.31,2414,366,1903,11,2982,15410
"G28100","Kankakee-Bradley, IL Metro Area",-11658.54,-1614,146,38,-11,1777,5376.29
"G28140","Kansas City, MO-KS Metro Area",-19460.01,8016,2651,21186,1421,25431,143452
"G28420","Kennewick-Pasco-Richland, WA Metro Area",242.850000000006,989,1350.06,2176,479,13478.68,31586.08
"G28660","Killeen-Temple-Fort Hood, TX Metro Area",-13120.4,19061.53,1046.84,3255.98,1812,11795.35,46171.69
"G28700","Kingsport-Bristol-Bristol, TN-VA Metro Area",-12636.56,-119.09,-0.940000000000055,548,-16,844,9448.94
"G28740","Kingston, NY Metro Area",-16456,81,232,754,29,3848,10870
"G28940","Knoxville, TN Metro Area",13994,2686,997,4658,-50,10069,35678
"G29020","Kokomo, IN Metro Area",-4786,853,-31,275,1,500,3517
"G29100","La Crosse, WI-MN Metro Area",106.360000000001,380.97,36,877.97,0,764.97,3794.99
"G29140","Lafayette, IN Metro Area",-10629,4455,310,2952,3,2848,13548
"G29180","Lafayette, LA Metro Area",-1401.66,3072.7,195,1981.01,-5,3936.03,11998.73
"G29340","Lake Charles, LA Metro Area",1943.82999999999,7434,193.99,1761,46,3102,8314
"G29420","Lake Havasu City-Kingman, AZ Metro Area",-4146,339,685,631,68,687,14817
"G29460","Lakeland-Winter Haven, FL Metro Area",-13820,16700,1178,3754,103,36000,79036
"G29540","Lancaster, PA Metro Area",-7525,3359,127,4287,5,8548,24738
"G29620","Lansing-East Lansing, MI Metro Area",-21444.02,3576,-46,3354,20,2703,21004
"G29700","Laredo, TX Metro Area",-117478,34,645,-59,23,29901,103744
"G29740","Las Cruces, NM Metro Area",-50780,416,942,473,10,5514,53753
"G29820","Las Vegas-Paradise, NV Metro Area",-171744,82305,9313,68832,6944,85838,232704
"G29940","Lawrence, KS Metro Area",-973,944,-1,539,21,1080,6349
"G30020","Lawton, OK Metro Area",-10695,-1867,-29,364,191,1551,7512
"G30140","Lebanon, PA Metro Area",-3156,348,20,701,46,4280,7450
"G30300","Lewiston, ID-WA Metro Area",175.760000000002,100,236,144,-6,287,2545.7
"G30340","Lewiston-Auburn, ME Metro Area",-3314,2600,11,128,26,373,3613
"G30460","Lexington-Fayette, KY Metro Area",2618,6173,553,4361,42,7516,23449
"G30620","Lima, OH Metro Area",-8336,-66,93,100,38,605,3441
"G30700","Lincoln, NE Metro Area",10074,3884,528,4110,60,3832,15572
"G30780","Little Rock-North Little Rock-Conway, AR Metro Area",-21912.08,18216.12,1016.06,3489.09,48,11188.59,36230.73
"G30860","Logan, UT-ID Metro Area",13363.07,416,468,246,269,775,6450
"G30980","Longview, TX Metro Area",-14760,-695,282,340,14,3118,14677
"G31020","Longview, WA Metro Area",-255.160000000003,178,150,272,436,1169,6372.43
"G31100","Los Angeles-Long Beach-Santa Ana, CA Metro Area",-2124675.82,-59413.45,110825.46,322128.14,-1891,756446.12,1368732.92
"G31140","Louisville/Jefferson County, KY-IN Metro Area",-26726.45,16773,1318,12269,258,17595,65605.32
"G31180","Lubbock, TX Metro Area",-25329,6269,1173,3954,57,7651,37107
"G31340","Lynchburg, VA Metro Area",-1641,-1756,44,217,48,2763,9284
"G31420","Macon, GA Metro Area",-10468,3223,-5,725,-68,1924,6178
"G31460","Madera-Chowchilla, CA Metro Area",-29208,-1033,3538,1105,11,11923,19054
"G31540","Madison, WI Metro Area",20302.35,5341,713,12854,64,6539.02,29303.24
"G31700","Manchester-Nashua, NH Metro Area",-11877.04,2639,60,3570.82,1,6579.82,21252.46
"G31740","Manhattan, KS Metro Area",-3111,524,-25,576,290,1490,7221
"G31860","Mankato-North Mankato, MN Metro Area",-2117,3269,193,723,25,1175,3558
"G31900","Mansfield, OH Metro Area",-3731,-397,6,-15,21,585,3992
"G32580","McAllen-Edinburg-Mission, TX Metro Area",-381095,179,3566,1570,81,128845,342866
"G32780","Medford, OR Metro Area",-1979.01999999999,362,395,1023,272,2539,17441
"G32820","Memphis, TN-MS-AR Metro Area",-65503.6899999999,11061,1144,7880,-28,21236,45889.99
"G32900","Merced, CA Metro Area",-43847,-768,4045,1879,224,26450,37426
"G33100","Miami-Fort Lauderdale-Pompano Beach, FL Metro Area",-1485490,25149,10039,38622,-129,400878,1584629
"G33140","Michigan City-La Porte, IN Metro Area",-5681,89,125,171,4,1195,5047
"G33260","Midland, TX Metro Area",-6898,1962,537,2268,137,5971,29134
"G33340","Milwaukee-Waukesha-West Allis, WI Metro Area",-97145,-5018,838.01,20319,0,15501,84328.01
"G33460","Minneapolis-St. Paul-Bloomington, MN-WI Metro Area",-13459.0600000001,93891,3834,77293,-44,44287,149493
"G33540","Missoula, MT Metro Area",221.639999999999,307,427,220,20,2151,5278.01
"G33660","Mobile, AL Metro Area",-19097,3262,376,1024,30,2113,14109
"G33700","Modesto, CA Metro Area",-80738.75,1192.02,4641,8688,868,46919.31,56857.22
"G33740","Monroe, LA Metro Area",-5556.96000000001,1683.33,148,843.01,-16,2287,5660.01
"G33780","Monroe, MI Metro Area",-5914.89999999999,901.01,77,117,-2,643,6967
"G33860","Montgomery, AL Metro Area",-13634,7985,235,3738,-48,2396,10839
"G34060","Morgantown, WV Metro Area",632,2345,53,823,18,807,5651
"G34100","Morristown, TN Metro Area",-1974,-550,291,345,243,1712,6034
"G34580","Mount Vernon-Anacortes, WA Metro Area",-907.979999999996,114,362,752,192,2120,9991
"G34620","Muncie, IN Metro Area",-10560,103,-30,256,-2,953,3512
"G34740","Muskegon-Norton Shores, MI Metro Area",-3959,-974,-27,162,12,1030,7392
"G34820","Myrtle Beach-North Myrtle Beach-Conway, SC Metro Area",55563.66,3680.48,330.71,1836.99,15,3895.5,16308.32
"G34900","Napa, CA Metro Area",-21346.06,-204.31,891.49,1559.77,-22.57,5599.99,15169.32
"G34940","Naples-Marco Island, FL Metro Area",-12586.54,2262,927.31,2064,-33,12829,48776
"G34980","Nashville-Davidson--Murfreesboro--Franklin, TN Metro Area",115627,32112,3474,24353,107,46944,100919
"G35300","New Haven-Milford, CT Metro Area",-100913,9083,1561,7257,136,25679,59555
"G35380","New Orleans-Metairie-Kenner, LA Metro Area",-49524.39,17290.78,887,5515.99,-8,30150,79576.81
"G35620","New York-Northern New Jersey-Long Island, NY-NJ-PA Metro Area",-1805137.36,-124824.9,58742.03,631111.12,1946,1084680.47,1396852.71
"G35660","Niles-Benton Harbor, MI Metro Area",-9196,-2617,109,738,2,1468,6999
"G35840","North Port-Bradenton-Sarasota, FL Metro Area",41829,2857,973,6892,105,16268,62511
"G35980","Norwich-New London, CT Metro Area",-23668.98,1,-17,-569.129999999999,75,4488,14186.88
"G36100","Ocala, FL Metro Area",279,3583,218,1665,27,8353,30485
"G36140","Ocean City, NJ Metro Area",-5833,-998,48,74,-8,897,3818
"G36220","Odessa, TX Metro Area",-24688,1890,306,1259,237,13839,35198
"G36260","Ogden-Clearfield, UT Metro Area",37148.49,1147.05,1937.11,2691,1942,8299.05,36849
"G36420","Oklahoma City, OK Metro Area",-9055.96999999997,15897.04,5954.21,11444.05,699,32578,115190.86
"G36500","Olympia, WA Metro Area",7951.62,2651,943.1,4231.13,1386.06,4711.16,20665.9
"G36540","Omaha-Council Bluffs, NE-IA Metro Area",10664,6407,2549,15801,229,11316,55288
"G36740","Orlando-Kissimmee-Sanford, FL Metro Area",-147166,66035,2987,39480,390,172997,404242
"G36780","Oshkosh-Neenah, WI Metro Area",-6404,2124,89,1779,-5,942,6211
"G36980","Owensboro, KY Metro Area",19,244,101,1764,0,704,3975
"G37100","Oxnard-Thousand Oaks-Ventura, CA Metro Area",-137129.25,166.92,6504.98,9476.87,80,33182.82,108238.79
"G37340","Palm Bay-Melbourne-Titusville, FL Metro Area",-2747,3893,175,4564,30,10873,46448
"G37380","Palm Coast, FL Metro Area",8951,51,118,466,6,1892,8198
"G37460","Panama City-Lynn Haven-Panama City Beach, FL Metro Area",-7427,-324,-120,785,47,3310,10093
"G37620","Parkersburg-Marietta-Vienna, WV-OH Metro Area",-10096,15,-20,62,-7,440,4464
"G37700","Pascagoula, MS Metro Area",-5180,-11,196,213,37,2358,7743
"G37860","Pensacola-Ferry Pass-Brent, FL Metro Area",20202,3526,-265,3034,182,5911,28324
"G37900","Peoria, IL Metro Area",-28895,1419,-9,2020,29,2439,12589
"G37980","Philadelphia-Camden-Wilmington, PA-NJ-DE-MD Metro Area",-275268.58,31339.6799999999,2645.99,118235.74,179,118748.53,283821.21
"G38060","Phoenix-Mesa-Glendale, AZ Metro Area",-144024,74703,22495,71697,2830,115684,509560
"G38220","Pine Bluff, AR Metro Area",-9079.45,-5744.64,42,65,93,434,1706.99
"G38300","Pittsburgh, PA Metro Area",-107814.37,2712.37,476.76,27027.98,240,12665.78,79314.85
"G38340","Pittsfield, MA Metro Area",-10522,724,36,408,-6,1654,5513
"G38540","Pocatello, ID Metro Area",-2182.99000000001,121,528,104,84,1263,4323
"G38860","Portland-South Portland-Biddeford, ME Metro Area",8371,6389,-30,1848,33,2489,18542
"G38900","Portland-Vancouver-Hillsboro, OR-WA Metro Area",-8147.55000000005,12404,6423.61,51419,5408.99,41551.62,177777.44
"G38940","Port St. Lucie, FL Metro Area",-10360,13111,658,2235,-20,12921,45005
"G39100","Poughkeepsie-Newburgh-Middletown, NY Metro Area",-70852.54,10368.04,1620,3474.01,26,35443,46842.37
"G39140","Prescott, AZ Metro Area",4024.16,276.14,734.14,1147.86,81,2065.89,16882.27
"G39300","Providence-New Bedford-Fall River, RI-MA Metro Area",-102977.94,9814.73,1650,12040.58,-52,51973.96,103287.5
"G39340","Provo-Orem, UT Metro Area",76999.16,1597,1536,3388.38,2845.07,12285.91,45591.53
"G39380","Pueblo, CO Metro Area",-17423.91,420,812,472,48,941.009999999998,23830.01
"G39460","Punta Gorda, FL Metro Area",13484,179,100,715,13,2109,10269
"G39540","Racine, WI Metro Area",-13293.03,1536,280,195,6,644,12951
"G39580","Raleigh-Cary, NC Metro Area",87106.62,30053.3,2245.22,49590.2,249,34363.19,80399.5
"G39660","Rapid City, SD Metro Area",2530,497,2248,556,36,668,6157
"G39740","Reading, PA Metro Area",-33041,1849,967,1028,42,18169,28393
"G39820","Redding, CA Metro Area",-10827,364,-39,1587,100,2022,11725
"G39900","Reno-Sparks, NV Metro Area",-12567,2465,1786,7010,921,18002,47562
"G40060","Richmond, VA Metro Area",17295.3199999999,5254.19,1075.33,18417.89,110.01,31064.9,61166.63
"G40140","Riverside-San Bernardino-Ontario, CA Metro Area",-709985.89,18631.53,39072.56,94458.98,1833,370487.07,560501.31
"G40220","Roanoke, VA Metro Area",-12572.98,432,205.03,2027.24,16,4096.03,12357.43
"G40340","Rochester, MN Metro Area",2043.35999999999,4359,288,2492,20,1860,8026.98
"G40380","Rochester, NY Metro Area",-64080.9300000001,4634.00999999999,-114,8467.01,26,14270,47839.24
"G40420","Rockford, IL Metro Area",-44485.99,3232.01,967,1202,14,5848.02,22590.01
"G40580","Rocky Mount, NC Metro Area",-10448.19,-3698.79,107.06,168,20,1539,3786.57
"G40660","Rome, GA Metro Area",-4570,447,354,36,-92,680,5412
"G40900","Sacramento--Arden-Arcade--Roseville, CA Metro Area",-131567.68,8959.85999999999,5876,100830.16,5683,69103.47,189369.34
"G40980","Saginaw-Saginaw Township North, MI Metro Area",-15357,-3499,-59,312,20,822,7716
"G41060","St. Cloud, MN Metro Area",-7607.16,9930,228,247,13,2019,5748
"G41100","St. George, UT Metro Area",27863,198,320,884,591,2697,9611
"G41140","St. Joseph, MO-KS Metro Area",-11473.99,-917,33,382,261,473,5380
"G41180","St. Louis, MO-IL Metro Area",-124369.04,-9074,1005,22170,37,20620,120482
"G41420","Salem, OR Metro Area",-9868.96999999997,1101,2184.35,1845.01,1643.01,8923.45,36800.4
"G41500","Salinas, CA Metro Area",-71838,-2842,7317,1422,61,32756,57102
"G41540","Salisbury, MD Metro Area",-7453,2430,232,751,-11,2198,4858
"G41620","Salt Lake City, UT Metro Area",23261.8199999999,7147.95,4205.89,17481.61,6398.93,26524.04,91205.44
"G41660","San Angelo, TX Metro Area",-11785,95,182,680,76,2108,18337
"G41700","San Antonio-New Braunfels, TX Metro Area",-330123,39548,10214,29797,1601,109525,555073
"G41740","San Diego-Carlsbad-San Marcos, CA Metro Area",-348313,-2400,14628,74661,-51,101529,363267
"G41780","Sandusky, OH Metro Area",-4909,164,-37,18,3,294,3049
"G41860","San Francisco-Oakland-Fremont, CA Metro Area",-373039.78,-28770.1,24211,300434.92,1811.89,174271.66,314691.83
"G41940","San Jose-Sunnyvale-Santa Clara, CA Metro Area",-221949.18,-1310.9,9934,189490.11,-73.8900000000003,56484.35,130988.28
"G42020","San Luis Obispo-Paso Robles, CA Metro Area",-24418,-940,623,1895,24,7658,27945
"G42060","Santa Barbara-Santa Maria-Goleta, CA Metro Area",-70375,-1139,4148,5884,-103,25642,60279
"G42100","Santa Cruz-Watsonville, CA Metro Area",-29643,384,1354,1441,35,8518,26390
"G42140","Santa Fe, NM Metro Area",-20888.1,173,1071.99,695,20,614.040000000001,28956.17
"G42220","Santa Rosa-Petaluma, CA Metro Area",-64727.97,5,2366,4504,282,18037.01,44519
"G42340","Savannah, GA Metro Area",17794,6918,523,5226,244,7399,19083
"G42540","Scranton--Wilkes-Barre, PA Metro Area",-55341,8411,560,4141,35,18644,27478
"G42660","Seattle-Tacoma-Bellevue, WA Metro Area",-59540.7200000002,54799.96,5835.96,224437.99,15673,80242.57,257507.77
"G42680","Sebastian-Vero Beach, FL Metro Area",6195,970,123,724,17,1914,11817
"G43100","Sheboygan, WI Metro Area",-5657,855,96,1603,-14,1103,4541
"G43300","Sherman-Denison, TX Metro Area",-1519,582,552,944,42,3174,10891
"G43340","Shreveport-Bossier City, LA Metro Area",-25035.81,-155.950000000012,222,1049.01,-55,4063,14714
"G43580","Sioux City, IA-NE-SD Metro Area",-11826.09,3770.83,481.99,694.95,675.97,2495.8,10052.32
"G43620","Sioux Falls, SD Metro Area",24844,5950,1443,2641,-58,3150,10499
"G43780","South Bend-Mishawaka, IN-MI Metro Area",-17652.72,1665,363,1587,-30,3487,15858
"G43900","Spartanburg, SC Metro Area",13694.4,5646.82,610.86,2550.7,110.99,6215.5,14778.34
"G44060","Spokane, WA Metro Area",22678.39,2923,796.54,2696.93,2401.1,6118.98,30505.06
"G44100","Springfield, IL Metro Area",-13933,2631,90,1135,18,831,7698
"G44140","Springfield, MA Metro Area",-67151.56,972.050000000003,546.01,7140.07,56,18684.01,45975.1
"G44180","Springfield, MO Metro Area",5764.47999999998,2408,334,2047,129,3286.1,24752.14
"G44220","Springfield, OH Metro Area",-8352,72,68,44,42,639,5155
"G44300","State College, PA Metro Area",-6413,838,11,3418,-3,931,5400
"G44600","Steubenville-Weirton, OH-WV Metro Area",-12270,-114,55,39,22,438,4279
"G44700","Stockton, CA Metro Area",-81949.61,8607.12,4911,40850.81,1809,50687.2,69010.34
"G44940","Sumter, SC Metro Area",-4419,-1538,39,244,-9,384,3399
"G45060","Syracuse, NY Metro Area",-44256.49,6109,-524.01,6025,-1,5034,27094
"G45220","Tallahassee, FL Metro Area",-9880,1848,106,2466,28,3363,18954
"G45300","Tampa-St. Petersburg-Clearwater, FL Metro Area",-147445,46521,3891,43812,420,101838,342995
"G45460","Terre Haute, IN Metro Area",-9408,-279,-19,279,3,1063,4811
"G45500","Texarkana, TX-Texarkana, AR Metro Area",-9255.77,1185.26,48,367.07,20,1524.27,5578.94
"G45780","Toledo, OH Metro Area",-37981,1423,143,1270,1,2293,28026
"G45820","Topeka, KS Metro Area",-16247,-1053,70,449,98,2145,13820
"G45940","Trenton-Ewing, NJ Metro Area",-46564.84,673.110000000001,1247.98,15784.98,-89,26715.99,23055.3
"G46060","Tucson, AZ Metro Area",-95367,5282,1988,5636,605,7024,138006
"G46140","Tulsa, OK Metro Area",-42234.16,1531,5274.78999999999,12348.41,713,15915,84309.18
"G46220","Tuscaloosa, AL Metro Area",7037,9389,439,929,1,3348,8947
"G46340","Tyler, TX Metro Area",-2547,964,515,1591,27,4937,18278
"G46540","Utica-Rome, NY Metro Area",-26711,1555,38,4099,48,2722,11116
"G46660","Valdosta, GA Metro Area",-3527,5046,43,353,2,961,5660
"G46700","Vallejo-Fairfield, CA Metro Area",-35003.97,1386.31,2175.51,12263.23,596.57,23530,35086.68
"G47020","Victoria, TX Metro Area",-22911.98,10,216,712,14,3567,21446
"G47220","Vineland-Millville-Bridgeton, NJ Metro Area",-23825.42,-3160.05,636,199.02,-40,10558.01,12882.25
"G47260","Virginia Beach-Norfolk-Newport News, VA-NC Metro Area",-50853.73,10384.04,1013,15681,820,23447.01,87052
"G47300","Visalia-Porterville, CA Metro Area",-79363,-528,3652,2018,214,36967,67978
"G47380","Waco, TX Metro Area",-7562,2751,1038,1790,82,2696,24878
"G47580","Warner Robins, GA Metro Area",-107,12612,99,1572,-32,1578,8011
"G47900","Washington-Arlington-Alexandria, DC-VA-MD-WV Metro Area",-268853.44,116084.7,16887.01,181179.68,575.44,251578.09,432015.68
"G47940","Waterloo-Cedar Falls, IA Metro Area",-9820,2105,161,1739,646,851,4960
"G48140","Wausau, WI Metro Area",-2545.06,351,14,1350,4,630,4145
"G48300","Wenatchee-East Wenatchee, WA Metro Area",-4926.48,82,385,350,34,3596.47,11601.98
"G48540","Wheeling, WV-OH Metro Area",-12654,-605,8,18,21,501,4274
"G48620","Wichita, KS Metro Area",-31988,792,749,2686,154,7733,44423
"G48660","Wichita Falls, TX Metro Area",-16612,50,68,101,76,2132,11007
"G48700","Williamsport, PA Metro Area",-7152.64,632,4,262,6,584.93,3732.99
"G48900","Wilmington, NC Metro Area",39201,-4917,230,1571,91,5290,18815
"G49020","Winchester, VA-WV Metro Area",876.279999999999,492,228,822,8,3786,7956.51
"G49180","Winston-Salem, NC Metro Area",-11649.04,3610.91,1277.83,2926.93,57,7821.89,25255.99
"G49340","Worcester, MA Metro Area",-49119.91,14708.27,735.99,14605.74,4,26324.97,56301.26
"G49420","Yakima, WA Metro Area",-30614.72,-201,2410.94,470,105,11657.33,29652.93
"G49620","York-Hanover, PA Metro Area",-11935,3655,174,1268,59,8300,19945
"G49660","Youngstown-Warren-Boardman, OH-PA Metro Area",-43547.33,-3151.96,-36,380.99,19,2595,19215.85
"G49700","Yuba City, CA Metro Area",-13681,754,616,5483,150,7115,13879
"G49740","Yuma, AZ Metro Area",-47563,168,466,263,-23,10501,44318
